Provincia;Municipio;Localidad;Código postal;Dirección;Margen;Longitud;Latitud;Precio gasolina 95 E5;Precio gasolina 95 E10;Precio gasóleo A;Precio gasóleo B;Precio gasóleo de uso marítimo;Rótulo;Tipo venta;Horario;
ALICANTE;ALICANTE/ALACANT;ALICANTE/ALACANT;03001;MUELLE 8, ZONA DE LEVANTE, S/N;N;-0,481472;38,339167;1,729;;1,679;;;MARINA ALICANTE;Suministro a barcos deportivos o de recreo;L-D: 08:00-21:00;
ALICANTE;ALTEA;ALTEA;03590;PUERTO DEPORTIVO LUIS CAMPOMANES, S/N - PARTIDA MASCARAT;N;-0,003833;38,629556;1,890;;1,785;;;;Suministro a barcos deportivos o de recreo;M-D: 10:00-18:00;
ALICANTE;CALPE/CALP;CALPE;03710;EXPLANADA DEL PUERTO PESQUERO S/N;N;0,069162;38,637313;;;;1003,000;;COFRADIA DE PESCADORES DE CALPE;Mixto;"L-V: 08:00-13:30 y 15:30-19:30; S: 09:00-13:00";
ALICANTE;DÉNIA;DENIA;03700;PUERTO PESQUERO DE DENIA S/N;N;0,113056;38,843611;;;;;870,000;NO HAY;Suministro a pesqueros;L-V: 08:00-13:00 y 16:30-19:30;
ALICANTE;GUARDAMAR DEL SEGURA;GUARDAMAR DEL SEGURA;03140;AVDA. DEL PUERTO.219;N;-0,646278;38,109000;;;;;894,000;MARINA DE LAS DUNAS (REPSOL);Mixto;L-D: 07:00-22:00;
ALICANTE;JÁVEA/XÀBIA;JÁVEA/XÀBIA;03730;BURDEOS, 1;N;0,186222;38,775722;2,135;;;;;NOU FONTANA;Suministro a barcos deportivos o de recreo;L-D: 24H;
ALICANTE;SANTA POLA;SANTA POLA;03130;ZONA PORTUARIA, 35;N;-0,558583;38,187389;1,555;;1,515;;950,000;COFRADÍA DE PESCADORES;Mixto;L-V: 09:00-13:00 y 16:00-20:00;
ALICANTE;SANTA POLA;SANTA POLA;03130;MUELLE NORTE S/N PUERTO DEPORTIVO 2;N;-0,560556;38,189306;1,645;;1,585;;;MARINA MIRAMAR;Mixto;L-D: 24H;
ALICANTE;TORREVIEJA;TORREVIEJA;03181;Pº VISTALEGRE SN, DIQUE DE LEVANTE;N;-0,682222;37,972833;1,749;;1,715;;;MARINA SALINAS DE TORREVIEJA;Suministro a barcos deportivos o de recreo;L-D: 07:00-20:30;
ALICANTE;VILLAJOYOSA/VILA JOIOSA (LA);VILLAJOYOSA / VILA JOIOSA (LA);03570;PUERTO PESQUERO;N;-0,218833;38,506306;1,679;;1,599;;822,000;COFRADIA;Mixto;"L-V: 08:00-21:00; S-D: 08:00-15:00";
ALMERÍA;CARBONERAS;CARBONERAS;04140;MUELLE PESQUERO DE CARBONERAS, S/Nº;N;-1,897068;36,991802;1,714;;1,772;797,000;;REPSOL;Mixto;L-D: 24H;
ALMERÍA;GARRUCHA;GARRUCHA;04630;PUERTO PESQUERO, S/Nº;N;-1,819013;37,181802;1,714;;1,772;797,000;;REPSOL;Suministro a pesqueros;L-D: 24H;
ASTURIAS;GIJÓN;GIJON;33201;EDIFICIO ANTIGUA RULA C/CLAUDIO ALVARGONZALEZ S/N;N;-5,666444;43,546472;1,859;;1,814;;;REPSOL;Suministro a barcos deportivos o de recreo;L-D: 09:00-16:30;
ASTURIAS;VALDÉS;LUARCA;33700;PUERTO PESQUERO S/N;N;-6,533389;43,546167;;;;855,000;;REPSOL;Suministro a pesqueros;"L: 14:00-18:00; J: 14:00-18:00";
BALEARS (ILLES);ALCÚDIA;ALCUDIA;07400;PASEO MARITIMO, 1;N;3,134806;39,836944;1,780;;1,790;;;ALCUDIAMAR;Suministro a barcos deportivos o de recreo;L-D: 24H;
BALEARS (ILLES);ALCÚDIA;ALCUDIA;07400;ARRANQUE MUELLE PESQUERO, S/Nº;N;3,135361;39,838250;;;;837,000;;REPSOL;Suministro a pesqueros;L-V: 09:00-14:00 y 15:00-18:00;
BALEARS (ILLES);ANDRATX;ANDRATX;07150;MUELLE PESQUERO, S/Nº;N;2,389461;39,545484;;;;837,000;;REPSOL;Suministro a pesqueros;L-D: 24H;
BALEARS (ILLES);CALVIÀ;SANTA PONÇA;07180;VIA DE LA CRUZ 46;N;2,464972;39,512556;1,750;;1,850;;;CEPSA;Suministro a barcos deportivos o de recreo;L-D: 09:30-20:00;
BALEARS (ILLES);CAMPOS;RAPITA (SA);07639;EXPLANADA DEL PUERTO, S/N;N;2,951099;39,359178;1,869;;1,879;;;CLUB NAUTICO LA RAPITA;Suministro a barcos deportivos o de recreo;"L-S: 08:00-18:00; D: 08:00-13:00";
BALEARS (ILLES);CAPDEPERA;CALA RATJADA;07590;MUELLE PESQUERO, S/Nº;N;3,464183;39,709928;1,767;;1,787;837,000;;REPSOL;Mixto;L-D: 24H;
BALEARS (ILLES);EIVISSA;EIVISSA;07800;PASSEIG JOAN CARLES I, 20;N;1,443722;38,913806;1,866;;1,866;;;REPSOL;Suministro a barcos deportivos o de recreo;L-D: 09:00-14:00 y 16:00-20:00;
BALEARS (ILLES);EIVISSA;EIVISSA;07800;MUELLE COMERCIAL, S/Nº;N;1,439183;38,913817;;;;837,000;;REPSOL;Suministro a pesqueros;L-D: 24H;
BALEARS (ILLES);MERCADAL (ES);FORNELLS;07748;PASSATGE ES PLA S/N;N;4,129750;40,056806;1,779;;1,809;;;U.S.PUERTO FORNELLS;Suministro a barcos deportivos o de recreo;X: 09:00-13:00;
BALEARS (ILLES);PALMA DE MALLORCA;PALMA;07001;MUELLE VIEJO, S/N ESPIGÓN EXTERIOR;N;2,638278;39,564667;;;1,750;;;STP;Suministro a barcos deportivos o de recreo;L-D: 08:00-20:00;
BALEARS (ILLES);PALMA DE MALLORCA;PALMA;07012;MUELLE VIEJO, S/Nº (EL MOLLET);N;2,640572;39,566595;;;1,787;837,000;;REPSOL;Mixto;L-D: 24H;
BALEARS (ILLES);SANTANYÍ;CALA FIGUERA;07659;MUELLE, S/Nº SANTANY;N;3,170294;39,331317;;;;837,000;;REPSOL;Suministro a pesqueros;L-D: 24H;
BALEARS (ILLES);SÓLLER;SOLLER;07100;MUELLE COMERCIAL, S/Nº;N;2,694461;39,797150;1,767;;1,787;837,000;;REPSOL;Mixto;L-D: 24H;
BALEARS (ILLES);SON SERVERA;CALA BONA;07559;NUEVO PUERTO DE LAREDO, S/Nº;N;3,392472;39,613917;;;1,787;837,000;;REPSOL;Mixto;L-D: 09:00-13:00 y 15:00-20:00;
BARCELONA;BARCELONA;BARCELONA;08003;MUELLE DE BALEARES, S/Nº;N;2,185510;41,372778;;;;842,000;;REPSOL;Suministro a pesqueros;L-D: 24H;
BARCELONA;SITGES;SITGES;08870;TORRE CAPITANIA  S N    PUERTO DEPORTIVO AIGUADOLC;N;;;1,753;;1,725;;;REPSOL;Suministro a barcos deportivos o de recreo;L-D: 09:30-18:30;
BARCELONA;SITGES;GARRAF;08870;PORT DEL GARRAF;N;1,900056;41,249306;1,704;;1,678;;;PETROPRIX;Suministro a barcos deportivos o de recreo;L-D: 08:00-18:00;
BARCELONA;VILANOVA I LA GELTRÚ;VILANOVA I LA GELTRU;08800;LG ENTRE MUELLE DE LA LLOTJA Y PESCADO;N;1,735861;41,215917;;;;846,000;;COFRADIA DE PESCADORS DE VILANOVA I LA GELTRU;Suministro a pesqueros;L-D: 24H;
BIZKAIA;BERMEO;BERMEO;48370;MUELLE NUEVO S/Nº;N;-2,718222;43,417250;;;;820,000;;REPSOL;Suministro a pesqueros;L-D: 24H;
BIZKAIA;ONDARROA;ONDARROA;48700;EGUIDAZU KAIA, S/N;N;-2,419056;43,326417;;;;817,000;;REPSOL;Suministro a pesqueros;L-D: 24H;
CÁDIZ;CHIPIONA;CHIPIONA;11550;PUERTO PESQUERO DEPORTIVO, S/Nº;N;-6,429944;36,746500;1,681;;1,721;872,000;;REPSOL;Mixto;L-D: 24H;
CÁDIZ;CONIL DE LA FRONTERA;CONIL DE LA FRONTERA;11140;LONJA DE PESCADO DE CONIL DE LA FRONTERA;N;-6,136889;36,294389;1,560;;1,620;1060,000;;TRAFALGAR OILS;Mixto;L: 10:00-14:00 y 16:00-19:00;
CANTABRIA;CASTRO-URDIALES;CASTRO URDIALES;39700;MUELLE EQUILIÓN S/N;N;-3,221000;43,382444;1,749;;1,756;822,000;;REPSOL;Mixto;L-V: 09:00-13:00;
CANTABRIA;COLINDRES;COLINDRES;39750;MUELLE PESQUERO, S/Nº;N;-3,463033;43,393903;1,749;;1,756;822,000;;REPSOL;Suministro a pesqueros;L-D: 24H;
CANTABRIA;LAREDO;LAREDO;39770;NUEVO PUERTO DE LAREDO, S/Nº;N;-3,415444;43,418778;1,749;;1,756;822,000;;REPSOL;Mixto;L-S: 09:00-13:00 y 14:00-18:00;
CANTABRIA;MARINA DE CUDEYO;PEDREÑA;39130;BARRIO LA BARQUERIA 151-ES;N;-3,766472;43,447167;1,845;;1,849;;;REPSOL;Suministro a barcos deportivos o de recreo;L-D: 06:00-21:30;
CANTABRIA;SAN VICENTE DE LA BARQUERA;SAN VICENTE DE LA BARQUERA;39540;AVDA. ANTONIO GARELY, S/Nº;N;-4,397755;43,385014;;;1,756;822,000;;REPSOL;Suministro a pesqueros;L-D: 24H;
CANTABRIA;SANTANDER;SANTANDER;39009;PUERTO PSQUERO;N;-3,821333;43,449222;;;;822,000;;REPSOL;Suministro a pesqueros;L-J: 09:00-13:00 y 14:00-18:00;
CANTABRIA;SANTOÑA;SANTOÑA;39740;MUELLE PESQUERO, S/Nº;N;-3,463310;43,441959;1,749;;1,756;822,000;;REPSOL;Suministro a pesqueros;L-D: 24H;
CANTABRIA;SUANCES;SUANCES;39340;MUELLE PESQUERO, S/Nº;N;-4,035255;43,425292;1,749;;1,756;822,000;;REPSOL;Suministro a pesqueros;L-D: 24H;
CASTELLÓN / CASTELLÓ;ALCALÀ DE XIVERT;ALCOSSEBRE;12579;PM PUERTO DEPORTIVO LAS FUENTES DE ALCOCEBRE;N;0,280667;40,247972;1,795;;1,715;;;;Suministro a barcos deportivos o de recreo;L-D: 09:00-13:00 y 16:00-19:00;
CASTELLÓN / CASTELLÓ;BURRIANA;BURRIANA;12530;MUELLE DE PONIENTE;N;-0,069139;39,859056;1,780;;1,810;;;MARINA BURRIANANOVA, S.A.;Suministro a barcos deportivos o de recreo;L-D: 24H;
CASTELLÓN / CASTELLÓ;CASTELLÓN DE LA PLANA/CASTELLÓ DE LA PLANA;CASTELLON DE LA PLANA;12100;ESCOLLERA DE PONIENTE, S/N;N;0,020639;39,968583;1,897;;1,773;;;REAL CLUB NAUTICO DE CASTELLON;Suministro a barcos deportivos o de recreo;L-D: 24H;
CASTELLÓN / CASTELLÓ;CASTELLÓN DE LA PLANA/CASTELLÓ DE LA PLANA;CASTELLON DE LA PLANA;12100;MUELLE PESQUERO, S/Nº;N;-0,019836;39,966340;;;;807,000;;REPSOL;Suministro a pesqueros;L-D: 24H;
CASTELLÓN / CASTELLÓ;OROPESA DEL MAR/ORPESA;OROPESA;12594;PARTIDA DENOMINADA PUERTO DEPORTIVO;N;0,146806;40,081306;1,876;;1,807;;;CLUB NAUTICO DE OROPESA;Suministro a barcos deportivos o de recreo;L-D: 24H;
CASTELLÓN / CASTELLÓ;PEÑÍSCOLA;PEÑISCOLA;12598;EXPLANADA  DEL PUERTO S/N;N;0,406167;40,356417;;;;809,000;;NINGUNO;Suministro a pesqueros;L-V: 09:00-13:00 y 15:00-19:00;
CORUÑA (A);CAMARIÑAS;CAMARIÑAS;15123;MUELLE PESQUERO, S/Nº;N;-9,182914;43,128027;;;;885,000;841,000;REPSOL;Suministro a pesqueros;L-D: 24H;
CORUÑA (A);CARIÑO;CARIÑO;15593;MUELLE PESQUERO, S/Nº;N;-7,866525;43,737749;;;;870,000;839,000;REPSOL;Suministro a pesqueros;L-D: 24H;
CORUÑA (A);CORUÑA (A);CORUÑA (A);15001;PASEO MARITIMO ALCALDE FCO VAZQUEZ S/N ;N;-8,383556;43,366889;1,760;;1,718;;;MARINA CORUÑA;Suministro a barcos deportivos o de recreo;L-D: 24H;
CORUÑA (A);CORUÑA (A);CORUÑA (A);15006;DÁRSENA DE OZA, S/Nº;N;-8,379303;43,348582;;;;810,000;;REPSOL;Suministro a pesqueros;L-D: 24H;
CORUÑA (A);FERROL;FERROL;15401;MUELLE DE CRUXEIRAS, S/Nº;N;-8,244303;43,478304;1,699;;1,730;885,000;841,000;REPSOL;Mixto;L-D: 24H;
CORUÑA (A);FISTERRA;FISTERRA;15155;MUELLE PESQUERO, S/Nº;N;-9,001525;42,998860;;;;885,000;839,000;REPSOL;Suministro a pesqueros;L-D: 24H;
CORUÑA (A);LAXE;LAXE;15117;MUELLE PESQUERO, S/Nº;N;-9,001803;43,223304;;;;895,000;839,000;REPSOL;Suministro a pesqueros;L-D: 24H;
CORUÑA (A);MALPICA DE BERGANTIÑOS;MALPICA;15113;MUELLE PESQUERO, S/Nº;N;-8,808192;43,323304;;;;895,000;841,000;REPSOL;Suministro a pesqueros;L-D: 24H;
CORUÑA (A);MUROS;MUROS;15250;MUELLE PESQUERO S/N;N;-9,055969;42,776082;1,699;;1,706;895,000;841,000;REPSOL;Mixto;L-D: 24H;
CORUÑA (A);MUXÍA;MUXIA;15124;MUELLE PESQUERO, S/Nº;N;-9,214858;43,105804;;;;895,000;;REPSOL;Suministro a pesqueros;L-D: 24H;
CORUÑA (A);POBRA DO CARAMIÑAL (A);POBRA DO CARAMIÑAL;15940;MUELLE COMERCIAL S/N;N;-8,935417;42,609083;1,699;;1,689;970,000;;AVIA;Mixto;L-D: 07:00-23:00;
CORUÑA (A);PORTO DO SON;PORTO DO SON;15970;MUELLE PESQUERO, S/Nº;N;-9,003469;42,726638;;;;887,000;;REPSOL;Suministro a pesqueros;L-D: 24H;
CORUÑA (A);PORTO DO SON;PORTOSIN;15999;MUELLE PESQUERO, S/Nº;N;-8,947358;42,760804;;;;870,000;;REPSOL;Mixto;L-D: 24H;
CORUÑA (A);RIANXO;RIANXO;15920;PORTO DE RIANXO, S/N;N;-8,822417;42,647389;1,729;;1,709;990,000;;VALCARCE;Mixto;L: 07:00-23:00;
CORUÑA (A);RIBEIRA;SANTA UXIA DE RIBEIRA;15960;MUELLE PESQUERO, S/Nº;N;-8,989025;42,561360;;;;830,000;;REPSOL;Suministro a pesqueros;L-D: 24H;
CORUÑA (A);SADA;SADA;15160;MUELLE PESQUERO, S/Nº;N;-8,246525;43,362749;1,699;;1,730;895,000;839,000;REPSOL;Suministro a pesqueros;L-D: 24H;
CORUÑA (A);SADA;SADA;15160;AVENIDA DEL PUERTO, S/N;N;-8,248306;43,357556;1,720;;1,740;;;SADAMAR - GALP;Suministro a barcos deportivos o de recreo;L-D: 24H;
GIPUZKOA;GETARIA;GETARIA;20808;MUELLE PESQUERO S/N;N;-2,127945;43,275584;;;;820,000;;REPSOL;Suministro a pesqueros;L-D: 24H;
GIPUZKOA;HONDARRIBIA;HONDARRIBIA;20280;PASEO IRIBARREN, S/N;N;-1,790722;43,388361;;;;820,000;;REPSOL;Suministro a pesqueros;L-D: 24H;
GIPUZKOA;PASAIA;PASAI DONIBANE;20110;MUELLE DONI-BANE S/N;N;-1,911389;43,322250;;;;820,000;;REPSOL;Suministro a pesqueros;L-D: 08:00-13:00 y 15:00-17:00;
GIRONA;BLANES;BLANES;17300;ESPLANADA DEL PORT S/N;N;2,797889;41,675083;1,839;;1,719;;;CLUB VELA BLANES;Suministro a barcos deportivos o de recreo;L-D: 24H;
GIRONA;BLANES;BLANES;17300;ESPLANADA DEL PORT,S/N;N;2,791333;41,675917;;;;902,000;;PETROCAT;Suministro a pesqueros;L-V: 15:00-18:00;
GIRONA;ESCALA (L');ESCALA (L');17130;PORT LA CLOTA S/N;N;3,126222;42,119194;1,799;;1,699;;;CLUB NAUTIC L'ESCALA;Suministro a barcos deportivos o de recreo;L-D: 24H;
GIRONA;PALAFRUGELL;LLAFRANC;17200;PUERTO DEPORTIVO S/N;N;;;;1,760;1,730;;;REPSOL YPF;Suministro a barcos deportivos o de recreo;L-D: 09:00-13:00 y 16:00-18:00;
GIRONA;PALAMÓS;PALAMOS;17230;MUELLE PESQUERO, S/N;N;3,036364;41,779180;;;;852,000;;REPSOL;Suministro a pesqueros;L-D: 24H;
GIRONA;PORT DE LA SELVA (EL);PORT DE LA SELVA (EL);17489;LLOIA S/N;N;;;1,889;;1,779;;;NINGUNO;Suministro a barcos deportivos o de recreo;L: 09:00-13:00 y 15:00-17:00;
GIRONA;ROSES;ROSES;17480;ZONA DE DIC ABRIC - PUERTO DEPORTIVO DE ROSES;N;;;1,889;;1,749;;;PETREM MAR;Suministro a barcos deportivos o de recreo;L-D: 24H;
GIRONA;ROSES;ROSES;17480;MUELLE PESQUERO, S/Nº;N;3,179420;42,252791;;;;837,000;;REPSOL;Suministro a pesqueros;L-D: 24H;
GIRONA;SANT FELIU DE GUÍXOLS;SANT FELIU DE GUIXOLS;17220;ZONA ESPORTIVA DEL PORT, S/Nº;N;3,030528;41,773889;1,759;;1,720;;;CLUB NAUTIC SANT FELIU DE GUIXOLS;Suministro a barcos deportivos o de recreo;L-D: 24H;
GIRONA;SELVA DE MAR (LA);SELVA DE MAR (LA) NUCLI;17489;MUELLE PESQUERO, S/Nº;N;3,200253;42,340846;;;;852,000;;REPSOL;Suministro a pesqueros;L-D: 24H;
GIRONA;TORROELLA DE MONTGRÍ;TORROELLA DE MONTGRI;17258;ESPLANA DEL PORT S/N L'ESTARTIT;N;3,203972;42,052278;;;;909,000;;;Mixto;"X: 08:00-12:00; V: 08:00-12:00";
GIRONA;TORROELLA DE MONTGRÍ;TORROELLA DE MONTGRI;17258;PASSEIG MARÍTIM, S/N;N;;;1,884;;1,747;;;CLUB NAUTIC ESTARTIT;Suministro a barcos deportivos o de recreo;L: 08:00-17:45;
HUELVA;PUNTA UMBRÍA;PUNTA UMBRIA;21100;MUELLE DEPORTIVO PUNTA UMBRIA, S/N - AVDA. LA RIA, S/N;N;-6,959417;37,181750;1,769;;1,789;;;CEPSA;Suministro a barcos deportivos o de recreo;"L-V: 09:30-13:00 y 15:00-17:30; S: 09:30-13:00";
LUGO;BURELA;BURELA;27880;MUELLE PESQUERO, S/Nº;N;-7,254818;43,660537;;;;820,000;779,000;REPSOL;Suministro a pesqueros;L-D: 24H;
LUGO;RIBADEO;RIBADEO;27700;MUELLE PESQUERO, S/Nº;N;-7,038707;43,532759;;;;885,000;;REPSOL;Suministro a pesqueros;L-D: 24H;
LUGO;VIVEIRO;CELEIRO;27863;MUELLE PESQUERO, S/Nº;N;-7,595929;43,676370;;;;820,000;;REPSOL;Suministro a pesqueros;L-D: 24H;
MÁLAGA;FUENGIROLA;FUENGIROLA;29640;PUERTO PESQUERO-DEPORTIVO;N;-4,615750;36,542333;1,862;;1,862;862,000;;REPSOL;Mixto;L-D: 24H;
MÁLAGA;MANILVA;MANILVA;29691;PUERTO DEPORTIVO DE LA DUQUESA;N;;;1,893;;1,896;;;REPSOL;Suministro a barcos deportivos o de recreo;L-D: 24H;
MÁLAGA;MARBELLA;MARBELLA;29600;PUERTO DEPORTIVO MARBELLA;N;-4,889944;36,505833;1,719;;1,749;;;ENERPUS;Suministro a barcos deportivos o de recreo;L-D: 24H;
MÁLAGA;VÉLEZ-MÁLAGA;CALETA DE VELEZ;29751;PUERTO PESQUERO,S/Nº;N;-4,069361;36,747611;1,850;;1,853;852,000;;REPSOL;Mixto;L-D: 24H;
MELILLA;MELILLA;MELILLA;52001;Pº MARITIMO ALCALDE RAFAEL GINEL S/N;N;-2,933278;35,288500;1,253;;1,274;;;SHELL;Suministro a barcos deportivos o de recreo;L-D: 08:00-22:00;
MURCIA;ÁGUILAS;AGUILAS;30880;MUELLE PESQUERO, S/N;N;-1,578720;37,402935;;;;847,000;;REPSOL;Suministro a pesqueros;L-D: 24H;
MURCIA;CARTAGENA;CARTAGENA;30202;MUELLE STA. LUCÍA, S/Nº;N;-0,975942;37,597657;;;;847,000;;REPSOL;Mixto;L-D: 24H;
MURCIA;CARTAGENA;CARTAGENA;30202;PASEO ALFONSO XII;N;-0,981722;37,596583;1,679;;1,669;;;ROYMAGA PETROELOS;Suministro a barcos deportivos o de recreo;L-D: 24H;
MURCIA;CARTAGENA;CABO DE PALOS;30370;MUELLE DE LA SAL, S/Nº;N;-0,698720;37,630712;;;;887,000;;REPSOL;Mixto;L-D: 24H;
MURCIA;MAZARRÓN;MAZARRON;30870;MUELLE PESQUERO, S/Nº;N;-1,255109;37,563768;;;;847,000;;REPSOL;Suministro a pesqueros;L-D: 24H;
MURCIA;MAZARRÓN;PUERTO DE MAZARRON;30860;PLAZA DEL MUELLE S/N;N;-1,266250;37,564000;1,795;;1,859;;;NINGUNO;Suministro a barcos deportivos o de recreo;L-D: 24H;
MURCIA;SAN JAVIER;SAN JAVIER;30370;PUERTO TOMAS MAESTRE S/N;N;-0,743194;37,747639;1,699;;1,689;;;PALUSOIL, S.L.U.;Mixto;L: 08:30-18:30;
PALMAS (LAS);ARRECIFE;ARRECIFE;35509;AV. OLOF PALME, S/N;N;-13,537917;28,965028;1,535;;1,500;;;;Suministro a barcos deportivos o de recreo;L: 08:15-19:30;
PALMAS (LAS);MOGÁN;MOGAN;35140;DIQUE SUR. PUERTO DE MOGAN;N;-15,764056;27,815861;1,339;;1,349;;;REPSOL;Suministro a barcos deportivos o de recreo;L-D: 09:00-13:00 y 15:00-17:50;
PALMAS (LAS);SAN BARTOLOMÉ DE TIRAJANA;SAN BARTOLOME TIRAJANA;35106;CARRETERA GC-500 S/N (ANTIGUA CTRA. C-812) URBANIZACION PASITO BLANCO (VARADERO);N;-15,621667;27,746944;1,382;;1,381;;;DISA;Suministro a barcos deportivos o de recreo;L-D: 08:00-18:00;
PALMAS (LAS);YAIZA;YAIZA;35570;C/ EL BERRUGO, 2;N;-13,816639;28,857111;1,399;;1,399;;;MARINA RUBICON;Suministro a barcos deportivos o de recreo;L-D: 07:30-19:30;
PALMAS (LAS);YAIZA;PUERTO CALERO;35570;LOS PANTALANES S/N;N;-13,705333;28,915833;1,410;;1,380;;;MARINA PUERTO CALERO;Suministro a barcos deportivos o de recreo;L-D: 08:15-19:45;
PONTEVEDRA;BAIONA;BAIONA;36300;AVDA. MONTE REAL, S/N;N;-8,845194;42,118750;1,435;;1,457;;;;Suministro a barcos deportivos o de recreo;L: 09:00-19:30;
PONTEVEDRA;BUEU;BUEU;36930;MUELLE PESQUERO, S/Nº;N;-8,785126;42,329376;;;1,721;851,000;;REPSOL;Mixto;L-D: 24H;
PONTEVEDRA;CAMBADOS;CAMBADOS;36630;MUELLE DE TRAGOVE, S/Nº;N;-8,828182;42,518542;;;;855,000;;REPSOL;Mixto;L-D: 24H;
PONTEVEDRA;CANGAS;CANGAS;36940;PUERTO DE CANGAS, S/N;N;;;1,699;;1,729;886,000;;COMBUSTIBLES PUERTO DE CANGAS;Mixto;"L-V: 08:30-14:00 y 16:30-19:30; S: 10:00-14:00";
PONTEVEDRA;MOAÑA;MOAÑA;36950;MUELLE PESQUERO, S/Nº;N;-8,735126;42,274931;;;;841,000;;REPSOL;Suministro a pesqueros;L-D: 24H;
PONTEVEDRA;SANXENXO;SANXENXO;36960;AVENIDA AUGUSTO GONZALEZ BESADA, S/N;N;-8,804015;42,395292;1,890;;1,890;;;REPSOL;Suministro a barcos deportivos o de recreo;L-D: 10:00-13:30 y 16:00-19:00;
PONTEVEDRA;SANXENXO;PORTONOVO;36970;MUELLE COMERCIAL, S/Nº;N;-8,817778;42,395833;;;1,721;855,000;;REPSOL;Mixto;L-D: 24H;
PONTEVEDRA;VIGO;VIGO;36202;AVDA. DE BEIRAMAR, 61;N;-8,617904;42,296598;;;;;765,000;REPSOL;Suministro a pesqueros;L-D: 24H;
PONTEVEDRA;VIGO;VIGO;36208;MUELLE DE REPARACIONES DE BOUZAS S/N;N;-8,743111;42,230861;1,900;;1,780;;;MARINA DAVILA;Suministro a barcos deportivos o de recreo;L-D: 08:00-22:00;
PONTEVEDRA;VIGO;VIGO;36207;BAJADA A LA LAGOA S/N;N;-8,707083;42,256194;2,050;;2,000;;;REPSOL;Mixto;L: 09:00-20:00;
PONTEVEDRA;VILAGARCÍA DE AROUSA;VILAXOAN;36611;PUERTO DE VILAXOAN, S/N.;N;-8,791333;42,589472;1,699;;1,669;1137,000;;E.S. PORTO DE VILAXOAN;Mixto;"L-V: 08:00-13:30 y 15:00-19:30; S: 08:00-13:00 y 15:00-18:00";
PONTEVEDRA;VILANOVA DE AROUSA;VILANOVA DE AROUSA;36620;PUERTO DE VILANOVA S/N;N;-8,834611;42,564667;1,699;;1,629;1137,000;;CARBURANTES PORTO DE VILANOVA;Mixto;"L-V: 08:00-15:00; S: 09:00-14:00";
SANTA CRUZ DE TENERIFE;ADEJE;ADEJE;38670;PUERTO DEPORTIVO PUERTO COLON, EDF.CAPITANIA 1ª PLANTA;N;-16,737889;28,079333;1,376;;1,359;;;DISA;Suministro a barcos deportivos o de recreo;L-D: 08:00-17:45;
SANTA CRUZ DE TENERIFE;ARONA;ARONA;38649;MUELLE TRANSVERSAL DEL PUERTO DE LOS CRISTIANOS;N;-16,718694;28,047917;1,361;;1,281;;;NAC MARINE FUEL ;Mixto;L-S: 08:00-14:30;
SANTA CRUZ DE TENERIFE;ARONA;ARONA;38627;PUERTO DEPORTIVO PESQUERO DE LAS GALLETAS TORRE DE CONTROL 2ª PLANTA;N;-16,661111;28,007083;1,399;;1,349;;;MARINA DEL SUR;Suministro a barcos deportivos o de recreo;L-D: 09:00-19:00;
SANTA CRUZ DE TENERIFE;SAN SEBASTIÁN DE LA GOMERA;SAN SEBASTIAN DE LA GOMERA;38800;PUERTO DEPORTIVO, S/N;N;-17,107028;28,089583;1,650;;1,526;;;DISA;Mixto;L-D: 08:00-18:00;
SANTA CRUZ DE TENERIFE;SANTA CRUZ DE LA PALMA;SANTA CRUZ DE LA PALMA;38700;DARSENA DE EMBARCACIONES MENORES PUERTO SANTA CRUZ DE LA PALMA;N;-17,767333;28,679083;1,575;;1,582;;;SIN ROTULO;Suministro a barcos deportivos o de recreo;"L-S: 08:00-20:00; D: 08:00-15:30";
SANTA CRUZ DE TENERIFE;TAZACORTE;TAZACORTE;38770;PUERTO DE TAZACORTE S/N;N;-17,933194;28,642722;1,560;;1,562;;;PUERTO TAZACORTE;Suministro a barcos deportivos o de recreo;L-D: 08:30-19:30;
TARRAGONA;AMETLLA DE MAR (L');AMETLLA DE MAR (L');43860;MOLL DE PONENT S/N APTDO CORREOS 104;N;0,802111;40,879389;;1,963;1,801;;;NO FIGURA;Suministro a barcos deportivos o de recreo;L-D: 09:00-13:00 y 15:00-19:00;
TARRAGONA;AMETLLA DE MAR (L');AMETLLA DE MAR (L');43860;PORT CALAFAT;N;0,850278;40,927333;1,669;;1,569;;;ALAS - PORT CALAFAT;Suministro a barcos deportivos o de recreo;L-D: 24H;
TARRAGONA;AMPOLLA (L');AMPOLLA (L');43895;PORT ESPORTIU;N;0,710667;40,809472;1,759;;1,730;;;PETROCAT;Suministro a barcos deportivos o de recreo;L-D: 08:00-13:00 y 15:00-18:00;
TARRAGONA;CALAFELL;SEGUR DE CALAFELL;43882;Pº MARITIMO S/N;N;1,607556;41,186083;1,907;;1,807;;;PORT SEGUR CALAFELL, S.A.;Suministro a barcos deportivos o de recreo;L-D: 08:00-20:00;
TARRAGONA;CAMBRILS;CAMBRILS;43850;PUERTO PESQUERO, S/Nº;N;1,061881;41,062750;;;;832,000;;REPSOL;Suministro a pesqueros;L-D: 24H;
TARRAGONA;DELTEBRE;DELTEBRE;43580;ML PUERTO DELTEBRE;N;0,843167;40,717361;1,549;;1,507;;894,000;CARBURANTS DEL MONTSIÀ;Mixto;L-D: 24H;
TARRAGONA;RODA DE BARÀ;RODA DE BARA;43883;EDIFICIO CAPITANIA,S/N;N;1,485500;41,167556;1,759;;1,730;;;PETROCAT;Suministro a barcos deportivos o de recreo;L-D: 24H;
TARRAGONA;SANT CARLES DE LA RÀPITA;LA RÁPITA;43540;PUERTO, S/Nº;N;0,596881;40,613861;;;;832,000;;REPSOL;Suministro a pesqueros;L-D: 24H;
TARRAGONA;TARRAGONA;TARRAGONA;43005;MUELLE DE REUS S/N;N;1,242194;41,106917;;;;;869,000;VILALTA CORPORACION S.A.;Suministro a pesqueros;L-D: 24H;
TARRAGONA;VANDELLÒS I L'HOSPITALET DE L'INFANT;HOSPITALET DE L'INFANT;43890;MUELLE DR. CAPELLA S/N PUERTO DEPORTIVO;N;0,927694;40,988639;;1,746;1,696;;;REPSOL;Suministro a barcos deportivos o de recreo;L-D: 08:00-20:00;
TARRAGONA;VENDRELL (EL);MASOS DE COMA-RUGA (ELS);43880;PASSEIG MARÍTIM, S/N;N;1,525444;41,177333;1,759;;1,730;;;LIBRE;Suministro a barcos deportivos o de recreo;L-D: 07:00-20:30;
VALENCIA / VALÈNCIA;OLIVA;OLIVA;46780;ALFONSO EL MAGNANIMO, 41;N;-0,094694;38,931639;1,615;;1,615;;;BP OIL;Suministro a barcos deportivos o de recreo;L: 08:00-19:00;
VALENCIA / VALÈNCIA;POBLA DE FARNALS (LA);POBLA DE FARNALS (LA);46137;PLAZA CORTES VALENCIANAS S/N;N;-0,284167;39,560333;1,835;;1,810;;;POBLA MARINA;Suministro a barcos deportivos o de recreo;L-D: 07:00-21:00;
VALENCIA / VALÈNCIA;VALENCIA;VALENCIA;46024;CAMINO DE CANAL, 91 - CLUB NAUTICO DE VALENCIA;N;-0,330722;39,429917;1,809;;1,789;;1299,000;EXCLUSIVAS BAYMAR, S.A.;Suministro a barcos deportivos o de recreo;L-D: 24H;
VALENCIA / VALÈNCIA;VALENCIA;VALENCIA;46024;DIQUE NORTE, BOCANA DARSENA INTERIOR ;N;-0,312278;39,461306;1,789;;1,789;1269,000;;REPSOL ;Suministro a barcos deportivos o de recreo;L-D: 08:00-18:00;